City,Country,Date,Temperature,Latitude,Longitude,Humidity,Cloudiness,Wind Speed
puerto ayora,EC,1627339976,76.96,-0.7393,-90.3518,83,46,7.0
deming,US,1627339976,91.29,32.2687,-107.7586,22,1,8.05
castro,BR,1627339976,58.44,-24.7911,-50.0119,65,4,4.41
xingcheng,CN,1627339977,77.38,40.6167,120.7167,87,96,3.36
kavieng,PG,1627339977,83.66,-2.5744,150.7967,69,42,7.54
ilulissat,GL,1627339977,46.31,69.2167,-51.1,93,100,9.22
college,US,1627339977,71.47,64.8569,-147.8028,49,75,8.05
la brea,HN,1627339978,87.31,15.8,-85.9667,66,20,3.44
nanortalik,GL,1627339964,49.55,60.1432,-45.2371,76,37,4.83
bealanana,MG,1627339978,56.86,-14.55,48.7333,92,99,5.91
gunnedah,AU,1627339978,44.73,-30.9833,150.25,84,16,1.99
busselton,AU,1627339978,50.09,-33.65,115.3333,58,99,33.2
ranfurly,NZ,1627339979,45.64,-45.1333,170.1,87,93,4.47
albany,US,1627339922,82.63,42.6001,-73.9662,52,0,3.0
ormara,PK,1627339979,81.61,25.2088,64.6357,86,99,10.13
tasiilaq,GL,1627339956,37.8,65.6145,-37.6368,89,52,4.07
dikson,RU,1627339980,37.99,73.5069,80.5464,100,100,4.61
kavaratti,IN,1627339980,81.18,10.5669,72.642,80,100,19.22
bredasdorp,ZA,1627339966,58.32,-34.5322,20.0403,47,84,4.61
hithadhoo,MV,1627339980,80.19,-0.6,73.0833,78,96,8.52
rikitea,PF,1627339980,74.35,-23.1203,-134.9692,77,77,18.66
cayenne,GF,1627339981,82.09,4.9333,-52.3333,81,0,4.0
namibe,AO,1627339981,65.91,-15.1961,12.1522,80,0,1.66
grass valley,US,1627339772,94.03,39.2191,-121.0611,17,1,4.0
port elizabeth,ZA,1627339828,70.11,-33.918,25.5701,29,0,8.05
punta arenas,CL,1627339949,41.11,-53.15,-70.9167,81,0,13.8
olafsvik,IS,1627339982,49.86,64.8945,-23.7142,85,100,11.05
oktyabrskoye,RU,1627339982,68.14,43.0645,44.7417,88,84,4.47
nicoya,CR,1627339982,76.55,10.1483,-85.452,88,100,1.66
bathsheba,BB,1627339982,83.01,13.2167,-59.5167,74,40,14.97
chokurdakh,RU,1627339983,43.79,70.6333,147.9167,69,96,12.33
mauguio,FR,1627339983,78.69,43.6181,4.0074,36,0,8.05
ponta do sol,PT,1627339983,74.03,32.6667,-17.1,79,6,7.96
khatanga,RU,1627339984,60.26,71.9667,102.5,65,59,17.38
vaini,TO,1627339929,77.16,-21.2,-175.2,88,75,10.36
mount isa,AU,1627339984,55.17,-20.7333,139.5,50,80,3.44
bluff,NZ,1627339985,46.8,-46.6,168.3333,76,29,19.57
puyang,CN,1627339985,76.3,29.4603,119.8861,98,100,7.96
kutum,SD,1627339980,69.31,14.2,24.6667,82,100,10.8
hilo,US,1627339471,78.53,19.7297,-155.09,86,90,11.5
mataura,NZ,1627339967,46.47,-46.1927,168.8643,89,39,3.98
port alfred,ZA,1627339857,61.5,-33.5906,26.891,33,100,10.25
makakilo city,US,1627339986,82.72,21.3469,-158.0858,61,75,6.91
bandarbeyla,SO,1627339986,77.07,9.4942,50.8122,75,21,25.81
arman,RU,1627339968,60.8,59.7,150.1667,76,89,6.87
batagay-alyta,RU,1627339986,54.43,67.8006,130.4114,76,71,9.19
kosonsoy,UZ,1627339986,77.56,41.2561,71.5508,25,0,6.22
arraial do cabo,BR,1627339987,71.56,-22.9661,-42.0278,78,0,12.66
nagato,JP,1627339987,78.75,34.3833,131.2,78,1,8.37
thompson,CA,1627339907,71.76,55.7435,-97.8558,33,40,11.5
krasnoselkup,RU,1627339987,55.2,65.7,82.4667,96,100,13.49
vila franca do campo,PT,1627339988,70.21,37.7167,-25.4333,88,50,6.6
katsuura,JP,1627339988,76.19,35.1333,140.3,88,89,23.62
new norfolk,AU,1627339988,51.93,-42.7826,147.0587,85,100,1.99
jamestown,US,1627339399,81.09,42.097,-79.2353,44,1,8.05
ushuaia,AR,1627339863,35.26,-54.8,-68.3,75,75,6.91
vostok,RU,1627339989,79.99,46.4856,135.8833,70,74,2.15
sola,VU,1627339989,80.26,-13.8833,167.55,78,29,17.0
vao,NC,1627339989,68.07,-22.6667,167.4833,60,100,16.71
hasaki,JP,1627339989,72.28,35.7333,140.8333,91,100,16.24
outlook,CA,1627339990,82.09,51.5001,-107.0513,31,3,5.5
port blair,IN,1627339990,81.66,11.6667,92.75,85,100,19.08
okhotsk,RU,1627339990,67.8,59.3833,143.3,69,0,7.54
syracuse,IT,1627339991,78.44,37.0881,15.2792,62,0,7.54
richards bay,ZA,1627339991,62.2,-28.783,32.0377,57,31,15.08
los llanos de aridane,ES,1627339991,68.13,28.6585,-17.9182,95,15,15.1
butaritari,KI,1627339905,82.26,3.0707,172.7902,75,78,7.87
tiksi,RU,1627339992,38.75,71.6872,128.8694,87,69,9.89
sao filipe,CV,1627339977,75.18,14.8961,-24.4956,82,24,10.04
biak,ID,1627339992,73.92,-0.9131,122.8766,76,78,5.08
wajir,KE,1627339992,73.69,1.7471,40.0573,64,56,19.64
kapaa,US,1627339966,86.32,22.0752,-159.319,69,40,1.99
yellowknife,CA,1627339956,70.32,62.456,-114.3525,60,75,8.05
santa vitoria do palmar,BR,1627339993,48.74,-33.5189,-53.3681,81,69,10.58
januaria,BR,1627339993,69.3,-15.4833,-44.3667,39,30,2.71
upernavik,GL,1627339993,44.15,72.7868,-56.1549,81,100,4.9
san andres,CO,1627339993,84.22,12.5847,-81.7006,79,75,10.36
jumla,NP,1627339994,64.71,29.2747,82.1838,98,100,1.21
tuatapere,NZ,1627339809,46.81,-46.1333,167.6833,85,74,4.97
tautira,PF,1627339994,84.22,-17.7333,-149.15,74,54,7.87
rawson,AR,1627339995,42.31,-43.3002,-65.1023,64,98,30.67
avarua,CK,1627339995,78.85,-21.2078,-159.775,73,20,8.05
hammerfest,NO,1627339995,48.65,70.6634,23.6821,100,0,0.0
saint-georges,GD,1627339995,82.08,12.0564,-61.7485,83,40,5.75
isetskoye,RU,1627339996,55.98,56.4858,65.3226,64,100,6.51
cidreira,BR,1627339996,62.11,-30.1811,-50.2056,98,100,3.85
kaitangata,NZ,1627339996,45.97,-46.2817,169.8464,80,68,7.92
havoysund,NO,1627339996,49.08,70.9963,24.6622,83,53,8.5
severo-kurilsk,RU,1627339997,59.58,50.6789,156.125,89,100,6.02
east london,ZA,1627339997,63.64,-33.0153,27.9116,26,100,11.9
lebu,CL,1627339997,47.16,-37.6167,-73.65,71,12,16.89
husavik,IS,1627339998,53.51,66.0449,-17.3389,81,77,3.49
anahuac,MX,1627339998,101.21,27.2333,-100.15,22,20,16.42
grand gaube,MU,1627339998,68.4,-20.0064,57.6608,86,37,3.0
nome,US,1627339998,50.16,64.5011,-165.4064,93,90,9.22
coos bay,US,1627339999,95.85,43.3665,-124.2179,77,90,25.32
saskylakh,RU,1627339999,52.61,71.9167,114.0833,71,64,5.61
bayeux,BR,1627339999,77.63,-7.125,-34.9322,83,0,6.91
marseille,FR,1627339999,74.95,43.3333,5.5,50,87,2.19
bilma,NE,1627340000,92.75,18.6853,12.9164,38,99,7.36
kaeo,NZ,1627340000,58.32,-35.1,173.7833,77,33,13.73
saint george,US,1627340000,85.32,37.1041,-113.5841,78,75,9.22
mayya,RU,1627340001,76.32,61.7333,130.2811,57,53,9.08
susanville,US,1627340001,91.09,40.4163,-120.653,21,1,13.0
hobart,AU,1627339968,52.27,-42.8794,147.3294,86,75,3.44
lavrentiya,RU,1627339997,45.66,65.5833,-171.0,98,100,3.62
russell,US,1627340001,94.28,32.3502,-85.1999,69,84,2.73
tabuk,PH,1627340002,79.11,17.4189,121.4443,79,93,2.06
provideniya,RU,1627339923,50.11,64.3833,-173.3,87,90,2.24
saint-philippe,RE,1627339909,65.75,-21.3585,55.7679,79,66,11.88
hurghada,EG,1627340002,89.64,27.2574,33.8129,31,0,10.36
airai,TL,1627339992,60.19,-8.9266,125.4092,52,32,2.77
antofagasta,CL,1627339948,58.28,-23.65,-70.4,86,17,7.54
atuona,PF,1627339948,77.79,-9.8,-139.0333,67,50,23.35
morvi,IN,1627340003,85.05,22.8167,70.8333,87,100,16.71
nikolskoye,RU,1627339977,64.02,59.7035,30.7861,69,10,3.22
baherden,TM,1627340003,88.18,38.4362,57.4316,32,0,4.34
inta,RU,1627340003,44.71,66.0317,60.1659,95,100,6.82
kamina,CD,1627340004,55.42,-8.7386,24.9906,44,98,5.1
zheleznodorozhnyy,RU,1627340004,66.72,55.7503,38.0042,56,100,1.43
martapura,ID,1627340004,73.49,-3.4167,114.85,94,7,1.14
moranbah,AU,1627340005,61.05,-22.0016,148.0466,56,1,10.78
bambous virieux,MU,1627339903,68.25,-20.3428,57.7575,94,75,11.5
torbay,CA,1627340005,61.75,47.6666,-52.7314,79,75,10.36
muros,ES,1627340005,66.83,42.7762,-9.0603,80,53,6.44
praya,CV,1627340005,77.54,14.9215,-23.5087,78,20,8.05
state college,US,1627340006,85.08,40.7934,-77.86,51,41,4.32
necochea,AR,1627340006,43.03,-38.5473,-58.7368,63,59,20.87
soyaux,FR,1627340006,63.19,45.65,0.2,84,0,2.3
ust-nera,RU,1627340007,53.67,64.5667,143.2,92,100,5.84
fortuna,US,1627340007,99.48,40.5982,-124.1573,77,1,16.11
chuy,UY,1627340007,48.18,-33.6971,-53.4616,82,62,9.73
teya,RU,1627340004,66.99,60.3778,92.6267,69,89,3.29
zaozerne,UA,1627340007,72.95,45.1582,33.2787,60,0,12.68
qaanaaq,GL,1627340008,42.08,77.484,-69.3632,80,100,9.95
barrow,US,1627339803,48.22,71.2906,-156.7887,93,90,6.91
hambantota,LK,1627340008,80.04,6.1241,81.1185,82,97,17.56
caloundra,AU,1627340008,65.89,-26.8,153.1333,75,0,2.98
cherskiy,RU,1627339963,52.47,68.75,161.3,51,6,16.69
varhaug,NO,1627340009,65.86,58.6147,5.6457,89,100,11.07
saldanha,ZA,1627340009,55.45,-33.0117,17.9442,83,26,9.55
xiongzhou,CN,1627340009,80.69,25.1167,114.3,78,93,2.91
pokhara,NP,1627340010,72.66,28.2333,83.9833,91,84,1.79
tura,IN,1627340010,75.7,25.5198,90.2201,95,100,3.78
sisimiut,GL,1627340010,59.68,66.9395,-53.6735,62,46,6.96
novyy urgal,RU,1627340010,68.31,51.0736,132.5642,97,100,1.43
lompoc,US,1627340011,77.77,34.6391,-120.4579,76,75,8.05
otjimbingwe,NA,1627340011,58.69,-22.35,16.1333,31,0,6.87
laguna,US,1627340011,100.15,38.421,-121.4238,27,94,1.01
cape town,ZA,1627339798,60.89,-33.9258,18.4232,50,0,1.99
yulara,AU,1627340012,40.84,-25.2406,130.9889,56,22,0.0
san joaquin,US,1627340012,98.78,37.9333,-121.3011,27,1,5.75
acapulco,MX,1627340012,86.22,16.8634,-99.8901,70,94,5.64
kieta,PG,1627340013,83.68,-6.2167,155.6333,73,36,3.76
ribeira grande,PT,1627340013,70.95,38.5167,-28.7,89,14,13.06
auki,SB,1627340013,82.51,-8.7676,160.7034,71,91,5.28
vasai,IN,1627340013,82.49,19.47,72.8,85,100,17.96
camalu,MX,1627340014,74.43,30.85,-116.0667,68,26,9.69
kristiansund,NO,1627340014,68.65,63.1115,7.732,73,43,5.75
dwarka,IN,1627340014,82.36,22.2394,68.9678,84,100,20.94
pinega,RU,1627340014,50.09,64.7001,43.3936,75,90,9.78
iquique,CL,1627340015,60.84,-20.2208,-70.1431,80,13,5.95
kabare,CD,1627340015,59.83,-2.4683,28.8242,89,99,1.72
kodiak,US,1627340015,56.79,57.79,-152.4072,75,28,6.64
male,MV,1627339806,82.35,4.1748,73.5089,83,75,11.5
penzance,GB,1627340016,63.61,50.1186,-5.5371,88,100,13.44
cabo san lucas,MX,1627340016,95.81,22.8909,-109.9124,68,3,6.67
bambanglipuro,ID,1627340016,70.93,-7.95,110.2833,91,12,4.32
porosozero,RU,1627340017,56.48,62.7191,32.727,95,69,2.66
larnaca,CY,1627340017,84.9,34.9167,33.6292,43,0,11.01
moundou,TD,1627340017,72.19,8.5667,16.0833,94,97,3.18
lata,PT,1627340017,63.81,40.1629,-8.3327,98,3,2.73
bodmin,GB,1627340018,64.44,50.4715,-4.7243,94,75,8.05
bagdarin,RU,1627340018,61.12,54.4333,113.6,73,64,3.06
santiago del estero,AR,1627339866,57.81,-27.7951,-64.2615,34,0,10.92
altamont,US,1627340018,93.88,42.2068,-121.7372,25,100,1.01
tambun,ID,1627340019,77.49,-6.2641,107.0712,100,40,3.44
belyy yar,RU,1627340019,66.09,53.6039,91.3903,88,0,4.47
ust-koksa,RU,1627340019,57.11,50.2696,85.6108,90,86,3.58
vestmannaeyjar,IS,1627340019,50.95,63.4427,-20.2734,82,100,13.11
pangnirtung,CA,1627340020,46.4,66.1451,-65.7125,100,75,8.05
chapais,CA,1627340020,58.78,49.7834,-74.8492,91,93,9.73
sinnamary,GF,1627340020,78.73,5.3833,-52.95,84,38,7.49
rudolstadt,DE,1627340021,67.23,50.7167,11.3333,89,61,5.12
angoche,MZ,1627340021,66.94,-16.2325,39.9086,85,46,10.04
zabol,AF,1627340021,79.41,32.25,67.25,16,100,6.49
bima,ID,1627340021,70.92,-8.4667,118.7167,89,38,4.18
avera,US,1627340022,96.91,33.194,-82.5271,49,11,5.75
kahului,US,1627340022,87.06,20.8947,-156.47,75,40,26.46
longyearbyen,SJ,1627339979,43.66,78.2186,15.6401,83,100,1.01
touros,BR,1627340022,77.9,-5.1989,-35.4608,83,2,11.14
georgetown,MY,1627340023,82.89,5.4112,100.3354,88,20,3.0
hermanus,ZA,1627339924,56.84,-34.4187,19.2345,61,28,6.53
mariinskiy posad,RU,1627340023,63.54,56.115,47.718,60,47,8.43
sembe,CG,1627340024,71.22,1.6481,14.5806,84,100,2.77
havre-saint-pierre,CA,1627340025,66.56,50.2334,-63.5986,88,75,4.61
funchal,PT,1627340025,74.03,32.6333,-16.9,85,75,8.01
zabid,YE,1627340025,86.4,14.1951,43.3152,66,100,4.61
clyde river,CA,1627340026,37.63,70.4692,-68.5914,100,90,11.5
san patricio,US,1627340026,95.72,28.017,-97.5169,42,5,11.88
altay,CN,1627340026,65.3,47.8667,88.1167,53,6,4.74
faanui,PF,1627339989,79.16,-16.4833,-151.75,73,63,12.28
carnarvon,AU,1627339931,68.07,-24.8667,113.6333,78,90,14.97
souillac,MU,1627340026,68.38,-20.5167,57.5167,94,75,11.5
saint anthony,US,1627340027,89.44,45.0205,-93.218,20,43,11.45
outjo,NA,1627340027,52.66,-20.1167,16.15,35,0,9.26
westport,US,1627340017,88.05,41.1415,-73.3579,55,40,1.99
providencia,MX,1627340027,104.61,28.7167,-111.5833,45,0,15.99
kayes,ML,1627340028,80.96,14.0,-11.0,76,67,7.63
mana,GF,1627340028,78.39,5.6592,-53.7767,84,31,6.53
celestun,MX,1627340028,85.71,20.8667,-90.4,67,12,9.66
shahdol,IN,1627340029,76.46,23.2833,81.35,85,99,12.06
waingapu,ID,1627340029,73.81,-9.6567,120.2641,82,60,4.56
johvi,EE,1627340029,64.53,59.3592,27.4211,68,5,6.08
leningradskiy,RU,1627340029,41.95,69.3833,178.4167,79,63,7.27
lakatoro,VU,1627340030,79.43,-16.0999,167.4164,78,85,14.0
kollo,NE,1627340030,82.83,13.3043,2.339,65,96,13.44
rocha,UY,1627339949,46.22,-34.4833,-54.3333,85,11,7.85
tarauaca,BR,1627340030,81.03,-8.1614,-70.7656,62,94,2.21
carupano,VE,1627340031,78.69,10.6678,-63.2585,87,20,9.55
luderitz,NA,1627340031,63.5,-26.6481,15.1594,53,0,4.16
aljezur,PT,1627340031,63.09,37.3191,-8.8033,90,0,11.79
bethel,US,1627340032,86.36,41.3712,-73.414,69,47,4.23
port lincoln,AU,1627340032,56.48,-34.7333,135.8667,49,37,24.76
andilamena,MG,1627340032,53.83,-17.0167,48.5833,91,59,7.83
omboue,GA,1627340032,72.03,-1.5746,9.2618,83,69,6.64
ligayan,PH,1627339911,84.67,4.6533,119.4706,77,78,15.88
alice springs,AU,1627339878,65.75,-23.7,133.8833,19,52,19.57
itarema,BR,1627339980,79.23,-2.9248,-39.9167,80,21,18.92
sabha,LY,1627340033,83.53,27.0377,14.4283,24,0,13.89
waddan,LY,1627340033,78.8,29.1614,16.139,37,0,16.96
norden,DE,1627340034,67.96,53.6,7.2,93,31,8.84
alexandria,EG,1627339871,76.96,31.2156,29.9553,78,0,5.75
domvraina,GR,1627340034,82.8,38.25,22.9833,36,0,7.63
pisco,PE,1627340034,68.05,-13.7,-76.2167,73,0,18.41
vila velha,BR,1627339744,73.35,-20.3297,-40.2925,83,40,6.91
quatre cocos,MU,1627340035,68.11,-20.2078,57.7625,80,66,15.03
salalah,OM,1627340035,77.25,17.0151,54.0924,88,95,11.83
sistranda,NO,1627340035,69.76,63.7256,8.834,71,60,8.3
atambua,ID,1627339756,70.88,-9.1061,124.8925,77,36,3.29
ust-maya,RU,1627340035,72.59,60.4167,134.5333,65,5,6.24
raton,US,1627340036,81.05,36.9034,-104.4391,45,72,9.1
labuhan,ID,1627340000,71.85,-6.8844,112.2051,88,6,7.05
mayor pablo lagerenza,PY,1627340036,82.94,-19.9309,-60.7718,30,0,4.79
coracao de jesus,BR,1627340036,72.32,-16.6853,-44.365,47,4,6.49
aksu,CN,1627340037,83.08,41.1231,80.2644,23,0,3.96
belmonte,BR,1627339932,70.3,-15.8631,-38.8828,85,5,5.46
bonavista,CA,1627340037,64.4,48.6499,-53.1147,80,17,14.07
miles city,US,1627340037,107.51,46.4083,-105.8406,8,64,8.63
pangkalanbuun,ID,1627340037,72.39,-2.6833,111.6167,94,6,1.63
dharchula,IN,1627340038,74.39,29.85,80.5333,97,96,0.43
gat,IL,1627339923,80.82,31.61,34.7642,82,0,5.1
young,UY,1627340038,52.23,-32.6833,-57.6333,66,0,7.83
mahebourg,MU,1627340038,68.29,-20.4081,57.7,94,75,11.5
bathurst,AU,1627340025,49.96,-33.4166,149.5806,76,34,1.01
charyshskoye,RU,1627340039,59.02,51.3978,83.5598,98,100,3.18
port hawkesbury,CA,1627340039,69.69,45.6169,-61.3485,97,90,1.01
perbaungan,ID,1627340039,75.31,3.5679,98.956,92,99,3.8
edea,CM,1627340039,74.98,3.8,10.1333,97,91,1.81
yorosso,ML,1627340040,78.67,12.3536,-4.7761,69,98,8.59
nabire,ID,1627340040,79.32,-3.3667,135.4833,77,88,1.54
verkhnetulomskiy,RU,1627340040,35.73,68.6073,31.7962,93,11,1.1
gogrial,SS,1627340041,69.15,8.5332,28.1004,98,73,2.68
san cristobal,VE,1627340004,77.18,7.7669,-72.225,97,93,3.89
sobolevo,RU,1627340041,64.44,54.4299,31.8996,72,90,6.35
phetchaburi,TH,1627340041,83.28,12.9667,99.5833,80,100,5.46
poso,ID,1627340042,77.11,-1.3959,120.7524,74,43,4.99
mar del plata,AR,1627339788,41.13,-38.0023,-57.5575,73,40,8.99
lulea,SE,1627340042,62.67,65.5842,22.1547,94,90,1.14
todos santos,MX,1627340042,95.31,23.45,-110.2167,81,4,5.57
vila do maio,CV,1627339958,77.79,15.1333,-23.2167,83,27,11.18
tuktoyaktuk,CA,1627339973,50.0,69.4541,-133.0374,71,90,5.75
kuching,MY,1627340043,75.42,1.55,110.3333,94,20,0.0
kudahuvadhoo,MV,1627340043,82.18,2.6708,72.8944,67,100,2.86
bengkulu,ID,1627339820,73.62,-3.8004,102.2655,76,3,4.79
bontang,ID,1627340043,77.56,0.1333,117.5,90,92,8.41
bowen,AU,1627340044,55.62,-20.0167,148.2333,69,32,9.6
majene,ID,1627340044,76.44,-3.5403,118.9707,83,52,9.53
tabuleiro do norte,BR,1627340044,79.59,-5.2467,-38.1306,65,82,6.71
atasu,KZ,1627340045,61.12,48.6814,71.6433,59,0,6.91
traverse city,US,1627340039,85.84,44.7631,-85.6206,49,0,8.59
hamilton,US,1627340016,88.41,39.1834,-84.5333,49,0,1.99
mountain home,US,1627339760,103.48,43.133,-115.6912,6,20,10.36
port hardy,CA,1627340045,62.78,50.6996,-127.4199,82,75,12.66
winnemucca,US,1627340045,97.11,40.973,-117.7357,23,90,23.02
prince rupert,CA,1627340006,56.89,54.3161,-130.3201,89,90,6.91
swan hill,AU,1627340046,50.95,-35.3378,143.5544,61,1,13.13
ntungamo,UG,1627340046,68.56,-0.8833,29.65,59,94,1.86
puerto escondido,MX,1627340046,85.01,15.85,-97.0667,70,95,4.07
stephenville,US,1627340046,98.94,32.2207,-98.2023,33,1,3.44
alofi,NU,1627340047,80.49,-19.0595,-169.9187,74,40,3.44
pallasovka,RU,1627340047,65.62,50.05,46.8833,47,0,8.59
chaman,PK,1627340047,84.67,30.9236,66.4512,12,41,6.13
wonthaggi,AU,1627340048,55.38,-38.6044,145.5913,67,63,17.6
lixourion,GR,1627340048,77.65,38.2019,20.4314,61,0,4.88
zelenoborskiy,RU,1627340048,47.88,66.845,32.3622,75,83,3.31
anchorage,US,1627339873,67.21,61.2181,-149.9003,66,1,1.01
longhua,CN,1627340048,81.45,23.6137,114.1919,91,93,1.41
fort payne,US,1627339819,84.31,34.4442,-85.7197,62,1,6.91
juneau,US,1627340017,66.85,58.3019,-134.4197,85,48,1.01
marfino,RU,1627340049,66.45,55.7028,37.3822,63,0,2.24
kastamonu,TR,1627340049,57.11,41.5,33.6667,93,10,4.61
artigas,UY,1627339876,55.42,-30.4,-56.4667,87,99,16.17
maarianhamina,AX,1627340049,60.66,60.0973,19.9348,94,0,2.3
xinmin,CN,1627340050,79.05,41.9908,122.8253,79,62,9.35
arlit,NE,1627340050,96.51,18.7369,7.3853,20,100,15.73
nicolas bravo,MX,1627340050,89.65,18.45,-88.9167,52,66,6.49
aklavik,CA,1627340051,62.6,68.2191,-135.0107,72,90,3.44
vilhena,BR,1627339924,84.42,-12.7406,-60.1458,42,0,3.44
sitka,US,1627340010,61.2,57.0531,-135.33,69,70,6.17
anshun,CN,1627340051,66.24,26.25,105.9333,89,14,2.19
hovd,MN,1627340051,64.17,48.0056,91.6419,58,18,2.33
saurimo,AO,1627340051,55.89,-9.6608,20.3916,34,90,5.59
saint-leu,RE,1627340052,65.23,-21.15,55.2833,74,39,9.64
fukue,JP,1627340052,79.38,32.6881,128.8419,78,0,1.16
rabat,MA,1627340017,71.01,33.9911,-6.8401,84,75,5.75
jijiga,ET,1627340053,59.97,9.35,42.8,73,97,9.37
victoria,HK,1627339799,88.32,22.2855,114.1577,86,94,1.01
norman wells,CA,1627340054,64.44,65.282,-126.8329,52,90,12.66
chumikan,RU,1627340054,69.08,54.7183,135.315,60,100,4.52
rusape,ZW,1627340055,40.44,-18.5278,32.1284,93,16,2.21
cocobeach,GA,1627340055,78.73,1.0002,9.5823,81,100,10.42
norsup,VU,1627340055,79.61,-16.0667,167.3833,78,82,14.16
shubarkuduk,KZ,1627340056,63.73,49.1447,56.4872,37,0,9.17
redmond,US,1627340056,88.34,47.674,-122.1215,47,0,1.99
portland,US,1627339497,93.09,45.5234,-122.6762,42,20,4.0
shuyskoye,RU,1627340056,55.0,59.3736,41.0305,97,51,4.09
poum,NC,1627340056,70.79,-20.2333,164.0167,69,100,8.97
lorengau,PG,1627340057,83.34,-2.0226,147.2712,75,80,3.42
ngunguru,NZ,1627340057,58.15,-35.6167,174.5,68,7,16.42
yurginskoye,RU,1627340057,54.37,56.8189,67.3921,69,95,5.75
goderich,CA,1627340058,82.04,43.7501,-81.7165,53,0,3.44
guerrero negro,MX,1627340058,77.31,27.9769,-114.0611,56,0,15.03
tatawin,TN,1627340058,78.46,32.9297,10.4518,52,0,2.93
langres,FR,1627340059,58.05,47.8333,5.3333,91,3,4.34
hayden,US,1627340059,95.56,47.766,-116.7866,20,1,10.36
reftinskiy,RU,1627340059,50.4,57.0901,61.6769,82,56,7.4
kargasok,RU,1627340059,51.37,59.0556,80.8572,95,100,14.45
sabang,ID,1627340060,83.16,5.8933,95.3214,78,81,18.9
donskoye,RU,1627340060,77.13,45.4552,41.9741,54,67,8.16
carroll,US,1627339766,87.12,39.5501,-77.0164,69,52,1.01
ovsyanka,RU,1627340060,67.17,55.9575,92.5519,94,71,3.2
paracatu,BR,1627340061,65.8,-17.2222,-46.8747,39,1,2.93
ithaca,US,1627340061,84.49,42.4406,-76.4966,55,20,3.44
tougue,GN,1627340061,68.2,11.4667,-11.6,95,81,0.13
klaksvik,FO,1627339964,54.52,62.2266,-6.589,99,100,7.31
broken hill,AU,1627340062,51.51,-31.95,141.4333,50,7,12.66
ushumun,RU,1627340062,67.91,52.7833,126.5333,81,65,6.67
safranbolu,TR,1627340062,62.44,41.2508,32.6942,90,11,1.66
luang prabang,LA,1627340062,73.58,19.8856,102.1347,100,99,1.23
pilar,BR,1627339973,73.33,-9.5972,-35.9567,94,8,3.31
south valley,US,1627339986,92.71,35.0101,-106.6781,28,40,0.0
ballina,AU,1627340063,55.78,-28.8667,153.5667,93,0,0.0
badah,PK,1627340063,94.15,27.3332,68.0135,52,48,11.59
erenhot,CN,1627340064,66.06,43.6475,111.9767,65,17,4.92
rive-de-gier,FR,1627340064,67.93,45.5307,4.6213,84,10,3.06
batticaloa,LK,1627340064,82.47,7.7102,81.6924,65,99,5.48
benguela,AO,1627340064,69.84,-12.5763,13.4055,85,64,1.19
semikarakorsk,RU,1627340065,77.81,47.5194,40.8112,33,40,17.16
calintaan,PH,1627340065,81.64,12.5667,120.9333,86,96,15.79
mayahi,NE,1627340065,75.42,13.9553,7.6712,76,100,11.77
nishihara,JP,1627339915,81.68,26.1842,127.7558,89,75,11.5
pacific grove,US,1627340018,92.28,36.6177,-121.9166,81,20,4.0
buala,SB,1627340066,81.27,-8.145,159.5921,81,67,8.34
nang rong,TH,1627340066,73.92,14.6377,102.7914,90,90,7.09
maldonado,UY,1627339928,51.19,-34.6667,-54.9167,91,5,7.14
karratha,AU,1627340004,67.73,-20.7377,116.8463,73,50,7.43
esperance,AU,1627340026,55.24,-33.8667,121.9,64,34,31.9
bosaso,SO,1627340067,86.54,11.2842,49.1816,42,77,20.04
geraldton,AU,1627340067,63.01,-28.7667,114.6,77,90,23.02
staunton,US,1627340067,87.85,38.1496,-79.0717,69,40,1.99
shelton,US,1627340067,87.15,41.3165,-73.0932,63,1,0.0
broome,US,1627340068,82.98,42.2506,-75.833,62,19,2.26
honningsvag,NO,1627340068,47.48,70.9821,25.9704,82,25,6.15
novikovo,RU,1627340068,64.56,51.1537,37.8879,55,14,3.85
paamiut,GL,1627340068,45.91,61.994,-49.6678,91,70,8.52
yumen,CN,1627340069,74.16,40.2833,97.2,23,18,9.57
robertsport,LR,1627340069,77.49,6.7533,-11.3686,82,94,15.3
talaya,RU,1627340069,54.1,61.3833,152.75,74,98,8.32
guymon,US,1627340070,93.15,36.6828,-101.4816,35,82,8.25
lincoln,US,1627340003,92.66,40.8,-96.667,41,1,3.0
oktyabrskiy,RU,1627340070,58.64,54.4815,53.471,56,79,5.53
high level,CA,1627340070,77.11,58.5169,-117.136,38,75,3.44
bonthe,SL,1627340071,76.8,7.5264,-12.505,86,80,9.31
azangaro,PE,1627340071,49.14,-14.9167,-70.2167,25,56,8.3
camden,US,1627339890,92.39,39.7835,-74.9663,49,54,6.06
beloha,MG,1627340071,61.5,-25.1667,45.05,67,60,11.74
mareeba,AU,1627340072,69.48,-17.0,145.4333,81,79,4.88
ancud,CL,1627340072,45.93,-41.8697,-73.8203,76,54,6.69
beringovskiy,RU,1627340072,53.74,63.05,179.3167,91,100,7.23
wewak,PG,1627340073,81.21,-3.5534,143.6268,85,65,8.25
jacareacanga,BR,1627340073,80.31,-6.2222,-57.7528,44,98,2.93
morgan city,US,1627340073,88.0,29.6994,-91.2068,79,74,6.31
lobatse,BW,1627340073,36.72,-25.2167,25.6667,50,1,2.64
alta floresta,BR,1627340074,79.7,-9.8756,-56.0861,35,57,2.73
luba,GQ,1627340074,75.09,3.4568,8.5547,80,97,8.16
oranjemund,NA,1627339936,59.58,-28.55,16.4333,67,0,5.48
saint-joseph,RE,1627340023,64.76,-21.3667,55.6167,78,45,12.17
haines junction,CA,1627340075,55.35,60.7522,-137.5108,76,100,1.14
sundumbili,ZA,1627340075,55.71,-29.1337,31.3975,64,77,10.76
skibbereen,IE,1627340075,57.0,51.55,-9.2667,88,100,9.35
gunjur,GM,1627340075,80.67,13.2019,-16.7339,83,40,8.05
fairbanks,US,1627339808,71.49,64.8378,-147.7164,51,75,12.66
ahipara,NZ,1627340058,58.26,-35.1667,173.1667,68,15,17.0
paramirim,BR,1627339988,72.3,-13.4425,-42.2389,54,58,5.5
derzhavinsk,KZ,1627340076,56.57,51.1,66.3167,58,2,6.89
dunda,TZ,1627340076,52.97,-8.1167,34.25,64,8,2.82
nevelsk,RU,1627340077,75.63,46.6733,141.8633,64,62,2.68
gari,RU,1627340077,55.24,59.4307,62.3497,70,36,8.28
talnakh,RU,1627340077,69.08,69.4865,88.3972,72,75,7.58
urucui,BR,1627340077,79.93,-7.2294,-44.5561,39,67,5.66
aksarka,RU,1627340078,47.91,66.5606,67.7975,94,81,4.99
pevek,RU,1627340078,36.64,69.7008,170.3133,88,89,15.66
coruripe,BR,1627340078,72.95,-10.1256,-36.1756,88,13,11.1
caravelas,BR,1627340071,70.29,-17.7125,-39.2481,83,4,4.59
wanning,CN,1627340079,80.58,18.8003,110.3967,87,76,7.2
nurota,UZ,1627340079,84.29,40.5614,65.6886,21,0,16.02
tongliao,CN,1627340079,78.33,43.6125,122.2653,77,57,10.22
meulaboh,ID,1627340080,76.39,4.1363,96.1285,89,54,5.32
rio grande city,US,1627340080,96.12,26.3798,-98.8203,29,35,13.27
molchanovo,RU,1627340080,51.62,57.5817,83.7692,98,100,8.21
malmyzh,RU,1627340080,59.41,56.5205,50.6818,62,54,10.51
marsabit,KE,1627340081,61.68,2.3284,37.9899,63,59,19.8
muisne,EC,1627340081,75.94,0.6,-80.0333,84,89,9.93
betsiamites,CA,1627340081,70.2,48.9413,-68.646,95,42,5.46
dingle,PH,1627340082,80.47,10.9995,122.6711,85,100,12.19
truro,GB,1627340082,65.55,50.2653,-5.0544,94,75,8.05
la libertad,EC,1627340083,73.06,-2.2333,-80.9,83,75,6.91
capanema,BR,1627339981,74.75,-1.1958,-47.1808,90,77,4.9
berbera,SO,1627340083,88.39,10.4396,45.0143,38,77,26.02
shelburne,CA,1627339809,82.56,44.0787,-80.2041,59,6,9.15
tuljapur,IN,1627340084,70.21,18.0,76.0833,89,70,14.27
forestville,US,1627340084,88.83,38.8451,-76.875,66,1,10.36
charters towers,AU,1627340084,63.3,-20.1,146.2667,69,28,10.85
leonforte,IT,1627340084,77.83,37.6443,14.4007,39,0,1.72
svrljig,RS,1627340085,73.87,43.4133,22.1211,73,51,3.71
svetlaya,RU,1627340085,73.65,46.5389,138.3297,84,99,3.78
kurumkan,RU,1627340085,67.48,54.3,110.3,63,42,2.55
sompeta,IN,1627340085,84.38,18.9333,84.6,70,100,6.35
wilmington,US,1627339966,87.71,34.2257,-77.9447,77,40,10.36
marzuq,YE,1627340032,74.44,14.4,46.4667,72,100,6.42
phangnga,TH,1627340086,85.91,8.4509,98.5298,94,84,3.53
twentynine palms,US,1627340086,92.16,34.1356,-116.0542,41,38,5.01
kiunga,PG,1627340086,72.72,-6.1219,141.2906,97,100,1.61
chunskiy,RU,1627340087,64.74,56.0815,99.6342,67,32,3.24
ginda,IN,1627340087,67.91,30.6945,78.4932,95,100,1.01
coahuayana,MX,1627340087,87.08,18.7333,-103.6833,71,47,5.19
daru,PG,1627340044,78.8,-9.0763,143.2092,81,89,17.2
riyadh,SA,1627340013,95.14,24.6877,46.7219,19,89,9.15
najran,SA,1627340088,86.65,17.4924,44.1277,34,81,0.78
springbok,ZA,1627340088,56.19,-29.6643,17.8865,36,2,6.62
pierre,US,1627340088,108.54,44.3683,-100.351,12,15,15.55
pingliang,CN,1627340089,67.14,35.5392,106.6861,60,84,4.23
kizukuri,JP,1627340089,74.1,40.8061,140.3861,76,93,11.68
tadine,NC,1627340089,72.0,-21.55,167.8833,58,99,15.01
mayo,US,1627340090,89.55,38.8876,-76.5119,70,84,1.01
mildura,AU,1627340001,50.07,-34.2,142.15,57,42,13.8
aleksandrov gay,RU,1627340090,67.87,50.147,48.5704,39,2,7.4
kurchum,KZ,1627340087,66.42,48.5722,83.6542,70,33,5.68
yar-sale,RU,1627340030,47.01,66.8333,70.8333,79,15,7.54
luganville,VU,1627340090,78.87,-15.5333,167.1667,85,65,10.94
voi,KE,1627340091,65.05,-3.3945,38.563,81,55,9.95
lahat,ID,1627340091,66.07,-3.8,103.5333,74,4,3.44
trstenik,RS,1627340091,70.45,43.6169,21.0025,78,45,4.18
tsivilsk,RU,1627340091,63.61,55.8611,47.4664,58,65,9.82
montefiascone,IT,1627340092,71.28,42.5393,12.0362,80,99,1.57
yambio,SS,1627340092,67.53,4.5721,28.3955,95,96,2.51
halifax,CA,1627340014,73.42,44.6453,-63.5724,89,75,1.99
huilong,CN,1627340092,79.03,31.8111,121.655,96,100,28.88
doha,QA,1627339919,96.78,25.2867,51.5333,69,0,8.05
narsaq,GL,1627340084,53.62,60.9167,-46.05,72,20,1.79
labuan,MY,1627340093,79.16,5.2767,115.2417,89,20,0.0
aykhal,RU,1627340093,77.72,66.0,111.5,45,14,2.55
miri,MY,1627340093,78.94,4.4148,114.0089,94,40,6.91
tairua,NZ,1627340094,56.08,-37.0167,175.85,82,40,13.8
deputatskiy,RU,1627340094,42.75,69.3,139.9,88,100,3.13
steinbach,DE,1627340094,68.49,50.1667,8.5667,76,20,6.91
arkhara,RU,1627340094,71.1,49.4212,130.0842,94,100,5.28
wick,GB,1627340095,59.05,58.4333,-3.0833,94,90,13.8
shirokiy,RU,1627340095,70.48,49.758,129.523,89,100,6.04
vilyuysk,RU,1627340095,71.06,63.7553,121.6247,66,43,6.17
nemuro,JP,1627340096,60.37,43.3236,145.575,99,100,14.94
keti bandar,PK,1627340096,82.56,24.1447,67.4497,83,100,21.43
viedma,AR,1627340086,41.67,-40.8135,-62.9967,73,37,21.77
tchollire,CM,1627340096,71.17,8.4022,14.1698,96,100,3.02
gribanovskiy,RU,1627340097,61.83,51.4579,41.9764,54,1,3.94
tripoli,LY,1627340097,79.66,32.8752,13.1875,62,0,16.87
muskegon,US,1627340097,86.94,43.3,-86.1334,46,75,6.91
rio grande,BR,1627340097,50.95,-32.035,-52.0986,94,100,17.43
mount gambier,AU,1627340098,48.11,-37.8333,140.7667,76,35,14.97
atar,MR,1627340098,96.08,20.5169,-13.0499,18,19,6.2
vidim,RU,1627340098,66.78,56.4088,103.1106,60,8,1.63
bulgan,MN,1627340099,58.15,48.8125,103.5347,80,68,1.36
hurricane,US,1627340099,89.6,37.1753,-113.2899,45,36,11.61
nerja,ES,1627340099,82.58,36.7585,-3.8873,77,5,5.64
cairns,AU,1627339977,74.1,-16.9167,145.7667,76,40,10.36
areka,ET,1627340099,56.08,7.0667,37.7,96,99,1.1
gasa,PS,1627340100,81.91,31.5,34.4667,78,0,6.67
nieuw amsterdam,SR,1627340100,84.22,5.8833,-55.0833,70,20,5.75
kungurtug,RU,1627340100,56.53,50.5994,97.5228,94,100,1.25
yima,CN,1627340101,74.86,34.7381,111.8839,82,15,2.51
ostrovnoy,RU,1627339965,45.99,68.0531,39.5131,85,100,23.51
ojinaga,MX,1627340101,105.57,29.5667,-104.4167,9,1,9.22
vrangel,RU,1627340101,77.27,42.7297,133.0839,85,40,2.44
gamba,GA,1627340093,70.57,-2.65,10.0,91,84,6.13
ilinskiy,RU,1627340103,66.88,55.619,38.1182,77,0,2.24
aswan,EG,1627340103,90.7,24.0934,32.907,23,0,6.91
norrtalje,SE,1627340104,68.85,59.758,18.705,81,100,5.26
tahta,EG,1627340016,84.52,26.7693,31.5021,25,0,6.76
mogadishu,SO,1627340104,75.99,2.0371,45.3438,82,82,21.74
friesach,AT,1627340104,65.97,46.9553,14.4058,97,91,2.55
markova,UA,1627340105,63.32,48.6758,24.4138,91,49,7.0
hofn,IS,1627340105,52.38,64.2539,-15.2082,81,96,7.23
rio gallegos,AR,1627340100,39.25,-51.6226,-69.2181,87,90,28.77
kisangani,CD,1627340106,74.43,0.5167,25.2,76,98,2.15
surt,LY,1627340106,79.47,31.2089,16.5887,69,0,14.85
primorka,RU,1627340106,77.77,47.2836,39.0625,43,94,14.12
arona,ES,1627340107,70.83,28.0996,-16.681,83,20,10.36
abu zabad,SD,1627340003,72.77,12.35,29.25,86,85,9.24
taunggyi,MM,1627340107,63.03,20.7833,97.0333,98,97,4.72
xining,CN,1627340108,54.1,36.6167,101.7667,87,85,2.66
puerto el triunfo,SV,1627340108,84.36,13.2833,-88.55,69,33,8.3
concarneau,FR,1627340108,64.06,47.875,-3.9225,95,100,6.53
coquimbo,CL,1627340108,56.93,-29.9533,-71.3436,82,20,11.5
hokitika,NZ,1627340109,52.32,-42.7167,170.9667,73,87,16.26
jinchang,CN,1627340109,76.03,38.4953,102.1739,28,100,6.62
tanout,NE,1627340109,79.75,14.9709,8.8879,62,100,16.2
barra,BR,1627340109,73.94,-11.0894,-43.1417,56,1,6.73
bay roberts,CA,1627340006,62.51,47.5999,-53.2648,81,15,5.99
rosetta,EG,1627340053,76.82,31.4044,30.4164,70,0,5.3
tezu,IN,1627340110,76.46,27.9167,96.1667,99,100,3.15
matara,LK,1627339997,78.93,5.9485,80.5353,89,94,10.78
cortez,US,1627340110,88.52,37.3489,-108.5859,63,95,7.29
ketchikan,US,1627340111,56.64,55.3422,-131.6461,94,100,5.32
concordia,AR,1627340111,55.47,-31.393,-58.0209,67,0,11.99
brigantine,US,1627340111,90.48,39.4101,-74.3646,90,91,8.84
bageshwar,IN,1627340111,71.91,29.85,79.7667,93,80,1.52
kasongo,CD,1627340112,71.1,-4.45,26.6667,38,91,4.25
mackay,AU,1627340112,67.05,-21.15,149.2,88,40,4.61
cockburn town,TC,1627340112,82.62,21.4612,-71.1419,83,10,14.12
newtonmore,GB,1627340113,61.48,57.066,-4.1192,92,88,1.9
sao joao da barra,BR,1627340113,71.91,-21.6403,-41.0511,80,0,17.6
gijon,ES,1627340113,67.46,43.5357,-5.6615,94,62,3.0
lichtenburg,ZA,1627340113,40.28,-26.152,26.1597,48,4,7.43
lake cowichan,CA,1627340114,81.32,48.825,-124.0546,35,0,4.7
plettenberg bay,ZA,1627340114,68.97,-34.0527,23.3716,34,29,16.8
awjilah,LY,1627340114,80.11,29.1081,21.2869,48,0,9.93
carinhanha,BR,1627340115,73.42,-14.3047,-43.765,36,37,3.11
dongsheng,CN,1627340115,66.31,39.8161,109.9776,59,0,7.29
ramhormoz,IR,1627340115,104.31,31.28,49.6035,8,30,7.47
shablykino,RU,1627340115,62.46,52.8566,35.1964,79,32,5.01
ypsonas,CY,1627340116,83.98,34.6884,32.9574,42,0,4.61
margate,GB,1627340077,64.9,51.3813,1.3862,88,45,1.99
yanam,IN,1627340116,82.71,16.7333,82.2167,69,81,7.83
danville,US,1627339882,88.23,36.586,-79.395,75,90,4.61
mersing,MY,1627340116,76.91,2.4312,103.8405,94,44,5.75
san quintin,MX,1627340117,72.55,30.4833,-115.95,71,18,10.27
zacualpan,MX,1627340117,86.72,21.25,-105.1667,79,92,6.15
socorro,US,1627339959,95.02,31.6546,-106.3033,34,92,3.11
